id;first_name;last_name;gender;email;phone;address_line_1;address_line_2;city;country
1;Chelsey;Wyman;OTHER;")Y<L@d52\[.5z*";1-383-473-2680;experiences;Sahara;Kassandrabury;Russian Federation
2;Lora;Baumbach;OTHER;"nJR1@8:.ial";391.849.2894 x02683;Handcrafted;Steel;O'Keefeshire;Finland
3;Raymond;Hammes;MALE;"mV@^)hl4K.)k";(257) 372-6977;Lilangeni;Chair Directives;New Roderick;Niger
4;Taya;Bahringer;MALE;"tMYs@UiL+.[rA(+";477-281-5154;Towels AGP;connect;Port Darienbury;South Georgia and the South Sandwich Islands
5;Rey;Morissette;FEMALE;"(`x@M/F},Y.5'-II";1-402-596-0494 x88295;Ball up;connecting;Colthaven;Equatorial Guinea
6;Susie;Pfeffer;FEMALE;"#@:i.#";(829) 608-1947 x6880;Future Stand-alone;Ramp Cambridgeshire;Paterson;Norway
7;Benton;Schulist;OTHER;"Iv^M@vx'.s-";951.575.0853 x7031;Specialist optical monitor;digital Strategist full-range;Port Peggiefort;Antarctica (the territory South of 60 deg S)
8;Cathryn;Dooley;MALE;"lWeVM@^d0.pV";(467) 864-2260;program Jordan;deposit;Janetville;Bahrain
9;Rose;Bashirian;FEMALE;"kOi]5L@<IVj7J.Us";1-596-645-7305 x9240;grey parsing payment;Global;Lianaland;Benin
10;Destiny;Waelchi;OTHER;"rwozk(@SQ9.X,}9V";1-579-270-4986 x050;Tome;Health redundant Grocery;New Katrinamouth;Falkland Islands (Malvinas)
